{"cameraMode":{"drawMode":0,"name":"Shaded","section":"Shading Mode"},"sceneLighting":false,"audioPlay":false,"sceneViewState":{"m_AlwaysRefresh":false,"showFog":true,"showSkybox":false,"showFlares":true,"showImageEffects":true,"showParticleSystems":true,"showVisualEffectGraphs":true,"m_FxEnabled":true},"in2DMode":false,"pivot":{"x":0.08063708245754242,"y":-0.10034330934286118,"z":-0.0010800808668136597},"rotation":{"x":-0.029567139223217965,"y":0.9690146446228027,"z":-0.1446685642004013,"w":-0.19804328680038453},"size":22.911766052246095,"orthographic":false}