{"cameraMode":{"drawMode":0,"name":"Shaded","section":"Shading Mode"},"sceneLighting":false,"audioPlay":false,"sceneViewState":{"m_AlwaysRefresh":false,"showFog":true,"showSkybox":false,"showFlares":true,"showImageEffects":true,"showParticleSystems":true,"showVisualEffectGraphs":true,"m_FxEnabled":true},"in2DMode":false,"pivot":{"x":-0.29883527755737307,"y":1.1586521863937379,"z":0.15611091256141663},"rotation":{"x":0.0013880266342312098,"y":0.9753209352493286,"z":0.006145183462649584,"w":-0.22076435387134553},"size":3.9837534427642824,"orthographic":false}